Race,Cohort,Census_Year,Mean,Variance
Black/African American,1901-1910,1960,2.741205380237972,9.730067515956046
Black/African American,1921-1930,1970,3.411675476901862,9.56463337449972
Black/African American,1901-1910,1970,2.6180357261438343,9.023970082134369
Black/African American,1921-1930,1980,3.400445319859553,9.646241665325174
Black/African American,1921-1930,1990,3.6438156662852386,10.234542742546884
White,1911-1920,1960,2.3837452223250954,3.784971223306451
White,1911-1920,1970,2.29035490605428,3.9478231925343468
White,1911-1920,1980,2.299696756073271,3.8854175165285407
