RACE,Model,Siblings,AuntsUncles,Cousins
Black/African American,NB,5.542099999999997,11.218800000000003,41.92820000000001
Black/African American,Poisson,5.506800000000001,10.945000000000004,40.88610000000003
Black/African American,ZINB,5.712299999999998,11.2688,41.90969999999998
Black/African American,ZIP,5.689600000000001,11.412600000000001,42.64170000000001
White,NB,3.9228000000000023,7.839999999999998,22.71160000000001
White,Poisson,3.9139999999999997,7.769800000000001,22.477400000000006
White,ZINB,4.0428999999999995,8.057199999999998,23.33409999999998
White,ZIP,3.976599999999998,7.997900000000007,23.252499999999994
